donor_id,age,donation_frequency,average_donation,days_since_last_donation,campaign_engagement_score,total_donations,churn
1,70,10,360.98,273,10,33571.14,No
2,77,9,15.81,218,8,1059.27,No
3,70,12,367.66,77,7,34192.38,No
4,18,20,492.3,25,8,11815.2,No
5,21,22,378.97,530,8,9095.28,No
6,80,7,174.38,162,3,7847.1,Yes
7,20,2,353.72,172,9,30066.2,No
8,44,10,297.69,257,10,8335.32,No
9,79,14,49.99,125,10,3599.28,No
10,33,18,442.93,115,1,15945.48,No
11,80,17,99.83,25,4,399.32,No
12,78,18,271.6,156,10,8148.0,No
13,51,2,123.93,89,2,11525.49,Yes
14,70,3,348.6,387,9,32768.4,Yes
15,85,12,442.11,19,5,12821.19,No
16,54,21,226.77,74,4,7483.41,No
17,40,21,332.89,138,3,15645.83,No
18,82,20,215.79,433,3,3668.43,No
19,56,4,390.36,698,7,32399.88,Yes
20,60,14,365.17,217,4,31769.79,Yes
21,78,14,93.53,301,9,8698.29,No
22,33,4,446.94,246,2,37989.9,Yes
23,72,2,335.3,32,6,16094.4,No
24,73,12,340.46,334,2,2723.68,Yes
25,85,12,143.39,195,8,4445.09,No
26,71,7,44.59,706,1,1114.75,Yes
27,66,19,199.12,589,9,12345.44,No
28,24,6,102.59,369,4,10053.82,Yes
29,53,24,89.44,424,5,7512.96,No
30,69,15,87.52,650,10,87.52,No
31,53,10,156.65,144,1,1723.15,No
32,51,13,315.61,476,1,10415.13,Yes
33,26,14,28.52,331,8,2595.32,No
34,37,20,53.07,308,1,4829.37,Yes
35,51,20,288.72,178,10,10682.64,No
36,82,6,350.15,243,9,23810.2,No
37,59,21,362.81,341,4,31201.66,No
38,64,17,30.35,403,1,91.05,Yes
39,82,7,434.6,406,6,11734.2,Yes
40,80,20,175.71,662,7,7906.95,No
41,24,10,231.13,364,4,16872.49,Yes
42,38,13,39.73,463,2,39.73,Yes
43,26,11,187.25,599,5,18350.5,Yes
44,68,14,373.46,511,3,37346.0,Yes
45,25,9,492.33,550,4,24124.17,Yes
46,80,16,160.3,499,4,14427.0,Yes
47,54,15,178.84,611,1,16632.12,Yes
48,21,15,291.72,481,7,22754.16,Yes
49,38,23,199.92,369,1,3798.48,Yes
50,80,23,286.27,274,4,14027.23,No
51,22,11,168.78,71,10,3713.16,No
52,47,2,150.32,47,6,1803.84,No
53,42,9,18.11,140,7,1720.45,No
54,38,4,393.86,163,4,15360.54,No
55,18,18,470.99,195,9,35324.25,No
56,66,8,57.93,202,2,2664.78,Yes
57,56,9,219.48,159,4,11851.92,Yes
58,28,12,214.5,85,2,19305.0,Yes
59,23,7,70.68,291,10,1272.24,No
60,42,14,73.88,165,4,1255.96,No
61,48,9,439.59,343,10,40442.28,No
62,80,9,63.93,20,4,2493.27,No
63,20,15,35.01,251,2,1715.49,Yes
64,76,4,253.6,284,3,2282.4,Yes
65,41,12,271.12,265,5,21418.48,No
66,56,11,493.55,79,4,44913.05,No
67,82,5,61.45,339,6,3318.3,Yes
68,75,9,58.56,86,8,1639.68,No
69,58,23,53.84,62,1,3661.12,No
70,45,24,263.42,296,2,10009.96,No
71,37,3,177.71,177,3,12795.12,Yes
72,56,3,49.65,715,9,4518.15,Yes
73,55,1,223.85,196,1,5820.1,Yes
74,29,2,444.95,156,9,10233.85,No
75,52,1,108.68,555,6,7390.24,Yes
76,28,5,373.58,277,6,36610.84,Yes
77,81,18,70.6,424,9,2259.2,No
78,57,12,266.77,100,8,22141.91,No
79,24,9,62.11,392,4,5093.02,Yes
80,63,16,262.31,684,9,6033.13,No
81,28,18,392.15,711,3,3529.35,Yes
82,26,14,94.32,266,5,8583.12,No
83,71,13,236.26,669,6,1890.08,Yes
84,77,1,264.54,551,1,3968.1,Yes
85,19,4,166.71,114,7,16337.58,No
86,26,11,258.38,550,9,4909.22,Yes
87,31,10,477.21,642,6,41517.27,Yes
88,77,4,108.11,537,10,10594.78,Yes
89,56,11,375.99,11,8,31207.17,No
90,26,16,356.64,463,8,10699.2,No
91,67,24,235.9,334,7,19579.7,No
92,50,13,235.21,601,7,15523.86,Yes
93,63,16,81.06,469,10,5755.26,No
94,59,15,448.11,195,6,41226.12,No
95,81,4,249.65,388,9,13730.75,Yes
96,77,1,312.84,374,4,7821.0,Yes
97,21,6,264.7,442,8,15882.0,Yes
98,74,2,484.82,389,7,1939.28,Yes
99,37,21,75.04,631,8,4352.32,No
100,49,15,179.64,544,1,4670.64,Yes
101,55,16,170.62,239,1,5459.84,Yes
102,28,24,129.35,305,7,11512.15,No
103,39,16,453.05,457,7,16309.8,No
104,49,14,464.69,53,1,929.38,No
105,64,6,343.79,65,4,5500.64,No
106,53,18,237.47,125,6,16385.43,No
107,26,19,235.26,481,5,1411.56,Yes
108,74,10,256.56,96,9,15393.6,No
109,59,15,200.72,413,9,11039.6,Yes
110,63,8,126.79,290,1,11918.26,Yes
111,33,18,11.97,240,8,909.72,No
112,51,4,270.3,609,7,9460.5,Yes
113,24,1,263.48,521,9,10275.72,Yes
114,67,5,47.66,464,6,3050.24,Yes
115,33,4,102.38,322,8,3788.06,No
116,54,11,491.28,388,7,28494.24,Yes
117,64,5,187.74,154,2,4318.02,Yes
118,33,15,378.94,726,9,1136.82,Yes
119,30,18,159.58,84,2,2074.54,No
120,54,8,448.1,549,8,25541.7,Yes
121,82,21,261.91,362,2,15714.6,Yes
122,42,14,377.58,464,6,32094.3,Yes
123,36,7,490.14,602,4,14214.06,Yes
124,52,18,294.17,499,5,29122.83,Yes
125,80,12,138.25,268,2,12995.5,Yes
126,23,5,36.21,269,6,3222.69,No
127,61,5,158.82,97,6,15882.0,No
128,56,2,449.9,30,3,5848.7,No
129,33,11,490.37,583,2,17162.95,Yes
130,71,11,317.0,481,4,20922.0,Yes
131,58,12,412.13,549,10,28024.84,No
132,18,20,440.38,120,9,3963.42,No
133,75,17,338.36,430,6,28083.88,No
134,48,1,226.05,416,6,9946.2,Yes
135,53,5,279.47,442,8,25152.3,Yes
136,64,11,316.62,88,9,19630.44,No
137,43,14,281.22,571,8,21372.72,Yes
138,18,16,219.05,653,3,17085.9,Yes
139,60,8,19.85,580,7,1111.6,Yes
140,52,6,276.26,310,1,19890.72,Yes
141,83,7,70.01,568,5,6650.95,Yes
142,85,6,339.31,23,2,8822.06,No
143,62,21,84.99,246,6,3144.63,No
144,70,13,473.16,498,10,3312.12,No
145,72,17,231.63,98,6,11813.13,No
146,61,20,95.41,194,4,6201.65,No
147,45,17,459.18,423,7,39948.66,No
148,47,4,442.14,266,3,27412.68,Yes
149,76,21,260.41,279,6,21874.44,No
150,43,4,456.42,303,5,11866.92,Yes
151,24,8,91.29,291,9,7303.2,No
152,78,13,428.87,599,1,2573.22,Yes
153,33,10,20.74,473,6,228.14,Yes
154,46,19,66.19,641,3,5361.39,Yes
155,78,14,158.63,627,8,14435.33,Yes
156,75,11,231.13,208,7,10631.98,No
157,26,20,386.8,455,10,36359.2,No
158,30,5,72.81,621,5,5242.32,Yes
159,29,14,354.61,716,6,4609.93,Yes
160,67,17,189.92,512,10,6457.28,No
161,25,18,15.13,398,2,242.08,Yes
162,36,8,287.05,410,10,23251.05,No
163,71,3,72.03,371,8,4249.77,Yes
164,75,22,463.18,345,2,27790.8,No
165,69,4,77.63,308,10,6598.55,Yes
166,50,23,157.18,561,8,11474.14,No
167,46,2,477.68,652,4,26272.4,Yes
168,32,15,257.1,137,1,13112.1,No
169,23,14,290.84,363,10,13960.32,No
170,65,14,211.69,684,10,14606.61,Yes
171,46,16,30.35,424,6,667.7,No
172,50,15,52.91,108,3,2010.58,Yes
173,75,20,81.75,119,2,4414.5,No
174,38,8,277.23,599,6,1663.38,Yes
175,30,9,30.33,728,7,1425.51,Yes
176,71,20,473.33,93,8,38339.73,No
177,71,18,459.22,452,1,40870.58,Yes
178,80,11,59.78,714,9,1016.26,Yes
179,47,21,238.07,574,5,2380.7,Yes
180,84,17,171.84,580,10,2749.44,No
181,38,11,131.07,28,1,4718.52,No
182,28,6,385.44,82,4,22740.96,No
183,53,11,489.27,7,10,36695.25,No
184,47,6,199.81,699,4,6993.35,Yes
185,56,16,342.05,676,3,20865.05,Yes
186,51,3,59.2,141,8,2012.8,Yes
187,54,14,89.9,361,2,629.3,Yes
188,39,13,369.57,267,8,22913.34,No
189,82,13,109.21,267,2,7863.12,Yes
190,46,3,333.62,153,8,10008.6,Yes
191,37,11,349.36,650,2,21310.96,Yes
192,23,23,266.82,261,2,18143.76,No
193,72,7,160.62,440,2,11564.64,Yes
194,48,10,302.19,713,10,13900.74,Yes
195,40,22,310.29,140,9,16135.08,No
196,29,20,67.4,502,5,2830.8,Yes
197,19,4,263.59,669,9,1054.36,Yes
198,24,12,91.23,268,8,2736.9,No
199,39,20,59.64,573,8,357.84,No
200,41,24,45.07,681,5,3785.88,Yes
201,77,11,415.86,184,4,22872.3,No
202,59,2,491.8,616,9,22131.0,Yes
203,50,16,26.26,68,7,1365.52,No
204,34,13,150.63,539,10,11899.77,Yes
205,24,11,105.31,403,9,10215.07,Yes
206,76,11,285.46,475,5,23978.64,Yes
207,32,7,214.89,342,4,10959.39,Yes
208,30,14,48.75,38,7,3461.25,No
209,50,13,170.22,668,3,15149.58,Yes
210,22,22,292.21,158,7,24253.43,No
211,26,18,416.26,387,3,39960.96,Yes
212,57,18,340.52,84,1,30646.8,No
213,65,8,232.3,437,9,7433.6,No
214,69,1,89.89,176,9,3775.38,Yes
215,21,15,488.93,511,3,35202.96,Yes
216,79,7,94.2,685,7,3202.8,Yes
217,55,22,381.89,292,5,28641.75,No
218,50,21,423.19,469,4,14388.46,No
219,35,19,166.91,696,4,5007.3,Yes
220,20,1,265.29,454,6,19896.75,Yes
221,49,16,44.8,296,3,716.8,No
222,18,14,233.74,290,8,19166.68,No
223,33,20,482.23,342,1,17842.51,Yes
224,30,1,443.24,338,9,5762.12,Yes
225,26,20,288.69,346,6,6351.18,No
226,80,23,338.34,126,9,17932.02,No
227,84,14,176.14,408,2,3170.52,Yes
228,56,5,112.37,642,10,10000.93,Yes
229,59,21,196.17,25,3,10004.67,No
230,29,2,135.06,594,4,1620.72,Yes
231,39,8,488.96,74,8,41561.6,No
232,29,3,455.77,52,6,40107.76,No
233,81,2,57.49,665,5,3161.95,Yes
234,60,20,335.5,286,4,15433.0,No
235,71,13,380.73,57,2,27412.56,No
236,48,4,383.7,190,7,22638.3,Yes
237,63,18,256.84,193,5,1027.36,No
238,73,18,10.1,15,5,323.2,No
239,32,9,341.13,265,9,12280.68,No
240,49,14,234.6,644,7,6334.2,Yes
241,77,17,310.17,120,10,21711.9,No
242,78,15,131.58,647,3,12368.52,Yes
243,73,8,385.38,96,9,14644.44,No
244,76,11,488.04,172,9,10248.84,No
245,43,14,339.81,627,5,12912.78,Yes
246,49,13,131.75,616,10,5138.25,Yes
247,58,3,470.15,111,2,32440.35,No
248,83,17,370.92,158,9,9273.0,No
249,81,14,139.42,656,10,13663.16,Yes
250,29,23,195.22,611,9,8980.12,No
251,19,9,426.43,344,2,36672.98,Yes
252,61,9,180.78,54,8,723.12,No
253,82,21,166.75,68,8,9671.5,No
254,79,21,156.44,585,8,13923.16,No
255,36,22,141.02,131,1,11281.6,No
256,32,1,460.1,168,3,30826.7,Yes
257,20,10,58.43,558,10,5784.57,Yes
258,82,19,332.25,104,3,29238.0,No
259,26,6,181.81,654,4,3818.01,Yes
260,21,16,490.03,84,10,9800.6,No
261,46,6,237.69,72,9,18539.82,No
262,31,23,326.37,667,4,15665.76,Yes
263,60,16,374.9,510,1,2624.3,Yes
264,77,7,444.76,473,4,2668.56,Yes
265,58,7,74.37,315,10,4982.79,Yes
266,18,8,207.17,599,6,828.68,Yes
267,68,19,412.62,113,1,9490.26,No
268,51,5,482.05,458,2,27476.85,Yes
269,50,22,218.4,348,8,14851.2,No
270,37,3,250.88,195,10,9282.56,No
271,69,15,297.73,675,9,16970.61,Yes
272,51,13,156.18,292,6,8277.54,No
273,34,3,95.94,201,10,7675.2,No
274,68,23,122.84,180,8,2825.32,No
275,59,21,442.67,490,7,9296.07,Yes
276,26,19,108.01,439,8,6156.57,No
277,60,6,286.25,539,4,10877.5,Yes
278,32,12,484.6,348,7,28106.8,No
279,74,18,113.32,82,4,9972.16,No
280,36,4,26.98,571,5,2131.42,Yes
281,60,24,210.11,493,1,5252.75,Yes
282,57,16,441.98,222,6,12375.44,No
283,69,8,289.57,318,10,22007.32,Yes
284,63,4,441.34,605,9,12357.52,Yes
285,41,10,408.9,27,3,5315.7,No
286,83,17,470.88,373,10,13655.52,No
287,33,15,317.52,42,8,2540.16,No
288,78,22,57.28,620,7,4926.08,Yes
289,41,6,281.87,21,6,24240.82,No
290,28,20,63.78,469,6,5740.2,No
291,21,5,443.01,600,8,40756.92,Yes
292,31,14,379.78,109,5,25825.04,No
293,63,19,289.14,364,9,8674.2,No
294,46,18,51.9,155,1,1297.5,Yes
295,49,20,468.82,336,7,15471.06,No
296,77,18,469.78,533,7,5637.36,Yes
297,29,14,244.32,89,1,15147.84,Yes
298,57,23,202.11,126,6,9903.39,No
299,25,16,416.77,65,9,15003.72,No
300,69,11,17.07,522,5,68.28,Yes
301,20,9,230.78,590,8,3692.48,Yes
302,42,16,288.38,280,2,19609.84,Yes
303,30,17,462.23,640,3,18951.43,Yes
304,53,2,479.9,310,1,959.8,Yes
305,23,15,144.57,247,7,9975.33,No
306,70,16,351.96,55,3,30620.52,No
307,73,3,57.01,705,4,3819.67,Yes
308,18,3,82.46,158,3,1154.44,No
309,83,23,24.66,636,3,2392.02,Yes
310,23,11,392.25,225,6,18435.75,Yes
311,28,3,480.75,52,6,42786.75,No
312,31,22,14.54,328,6,1279.52,No
313,37,13,293.83,248,9,7345.75,No
314,31,13,196.21,87,8,6082.51,No
315,55,12,299.93,72,3,3599.16,Yes
316,65,5,373.7,190,2,10089.9,Yes
317,78,9,87.31,110,1,5063.98,Yes
318,39,23,25.12,182,6,1230.88,No
319,65,23,63.56,549,3,3305.12,No
320,43,13,74.98,265,4,5398.56,No
321,21,19,440.12,509,1,28607.8,Yes
322,39,22,23.3,224,8,722.3,No
323,79,3,57.68,598,8,57.68,Yes
324,21,19,294.95,63,6,11503.05,No
325,63,7,148.33,309,3,11421.41,No
326,75,22,391.38,639,3,25439.7,Yes
327,25,5,460.08,552,9,20243.52,Yes
328,19,1,351.54,575,5,30583.98,Yes
329,74,21,429.33,107,6,5581.29,No
330,71,7,242.49,636,2,969.96,Yes
331,23,8,403.61,641,5,14933.57,Yes
332,72,22,492.39,313,3,43822.71,No
333,62,21,242.39,727,3,24239.0,Yes
334,33,4,201.07,566,4,18699.51,Yes
335,18,19,21.18,472,10,1503.78,No
336,70,10,343.18,395,9,20933.98,No
337,52,23,442.06,729,9,7072.96,No
338,35,15,207.34,164,9,14099.12,No
339,55,24,211.55,366,3,13539.2,Yes
340,66,7,301.92,55,6,23247.84,Yes
341,32,16,114.63,709,4,4699.83,Yes
342,79,4,213.58,490,5,5339.5,Yes
343,18,4,356.57,127,3,11053.67,Yes
344,76,16,186.24,422,5,5400.96,No
345,28,10,425.32,500,3,21266.0,Yes
346,80,12,175.67,510,9,13175.25,No
347,73,8,438.15,217,9,6134.1,Yes
348,68,5,43.33,415,8,2383.15,No
349,67,20,44.86,682,7,2646.74,Yes
350,73,21,275.0,342,9,1925.0,No
351,45,3,490.35,354,5,13729.8,Yes
352,44,15,325.99,132,4,1303.96,No
353,75,20,373.14,413,7,13433.04,No
354,52,14,439.87,167,3,28591.55,No
355,41,17,408.63,471,4,10624.38,Yes
356,55,1,21.39,438,4,1497.3,Yes
357,84,22,19.55,723,9,1700.85,Yes
358,73,15,440.49,586,8,33917.73,No
359,46,12,255.96,335,1,1791.72,Yes
360,46,10,26.47,644,6,2567.59,Yes
361,65,9,433.04,54,4,22518.08,No
362,67,18,83.42,587,6,917.62,No
363,57,4,476.38,63,10,20484.34,No
364,23,12,97.74,595,6,7623.72,Yes
365,54,19,44.77,100,1,3626.37,No
366,60,7,96.49,381,1,5499.93,Yes
367,52,23,216.79,595,9,16042.46,Yes
368,63,16,431.17,626,2,36649.45,Yes
369,31,13,160.96,121,7,10945.28,No
370,24,7,196.5,201,7,2358.0,No
371,28,15,24.56,425,10,1596.4,No
372,54,23,135.6,442,10,10034.4,No
373,45,17,134.35,206,9,4836.6,No
374,32,17,262.53,32,3,19427.22,No
375,76,20,38.07,487,10,2779.11,No
376,48,23,44.12,383,4,4147.28,No
377,21,1,57.29,586,8,4182.17,Yes
378,50,24,184.55,634,4,2030.05,Yes
379,75,6,246.75,394,3,24675.0,Yes
380,22,1,437.86,560,2,42034.56,Yes
381,53,1,245.47,228,1,9082.39,Yes
382,24,12,471.32,29,8,2356.6,No
383,33,16,277.33,453,9,21909.07,No
384,29,7,292.56,700,8,24867.6,Yes
385,23,22,434.67,576,10,23906.85,No
386,64,14,187.92,706,1,16161.12,Yes
387,26,19,408.78,91,6,1635.12,No
388,38,7,433.64,177,4,16044.68,Yes
389,27,8,245.08,496,6,19116.24,Yes
390,21,8,447.73,382,9,30445.64,Yes
391,68,12,403.35,75,8,806.7,No
392,42,5,440.66,535,9,13660.46,Yes
393,76,17,365.73,551,10,8777.52,No
394,37,16,390.0,301,6,23010.0,No
395,50,24,392.47,84,3,29435.25,No
396,81,23,177.74,126,6,2132.88,No
397,66,2,164.74,246,1,823.7,Yes
398,80,16,212.09,273,6,6786.88,Yes
399,62,23,182.91,378,9,12072.06,No
400,22,22,20.72,573,6,642.32,No
401,31,23,378.51,15,9,11355.3,No
402,70,7,396.81,20,10,14285.16,No
403,66,8,435.66,307,10,39645.06,Yes
404,78,7,461.29,410,9,27216.11,No
405,77,24,139.49,480,5,2231.84,No
406,68,19,155.21,215,10,7294.87,No
407,52,14,108.67,36,1,7715.57,No
408,43,12,483.75,691,6,46440.0,Yes
409,54,6,462.44,355,6,37920.08,Yes
410,66,16,148.44,640,1,8312.64,Yes
411,21,21,227.03,271,2,9308.23,Yes
412,73,24,75.08,601,7,6982.44,No
413,83,6,219.43,565,2,9654.92,Yes
414,45,8,82.05,377,10,7056.3,Yes
415,55,21,409.54,108,9,25801.02,No
416,70,11,37.59,281,2,864.57,Yes
417,33,16,274.04,98,9,12331.8,No
418,79,11,219.6,467,6,12736.8,Yes
419,53,12,329.57,340,9,14171.51,No
420,34,4,25.72,117,9,694.44,No
421,36,5,245.84,332,2,12537.84,Yes
422,22,23,122.57,444,10,1593.41,No
423,67,4,149.73,571,1,5989.2,Yes
424,61,6,274.46,726,5,1921.22,Yes
425,27,2,190.28,573,3,6088.96,Yes
426,62,10,409.21,20,9,818.42,No
427,48,14,316.53,591,6,1266.12,Yes
428,21,14,330.9,2,9,12905.1,No
429,42,20,385.44,202,4,28522.56,No
430,18,22,470.39,667,6,24930.67,Yes
431,79,22,175.39,480,7,5612.48,No
432,48,21,316.5,368,7,23421.0,Yes
433,69,10,186.12,210,5,13400.64,Yes
434,31,10,164.19,717,4,7881.12,Yes
435,57,24,191.26,353,9,10136.78,No
436,47,23,154.89,708,5,3717.36,Yes
437,24,14,278.04,207,7,21131.04,No
438,30,10,125.31,377,2,6014.88,Yes
439,25,13,374.96,631,7,10123.92,Yes
440,23,17,387.41,683,1,32155.03,Yes
441,22,8,14.35,631,7,1076.25,Yes
442,57,16,460.25,527,7,35899.5,No
443,31,21,304.9,411,3,30185.1,No
444,26,21,497.78,600,7,10951.16,No
445,51,6,351.09,674,7,22820.85,Yes
446,68,21,195.35,274,6,15823.35,No
447,25,7,221.98,370,1,3995.64,Yes
448,55,17,42.27,651,2,2874.36,Yes
449,44,1,449.94,76,8,5849.22,No
450,23,1,347.92,31,3,6262.56,No
451,62,1,381.28,304,4,25164.48,Yes
452,44,23,362.19,476,6,26802.06,Yes
453,28,8,276.3,175,1,22656.6,Yes
454,55,22,177.96,39,5,13880.88,No
455,57,5,266.24,583,4,24227.84,Yes
456,72,6,38.62,403,3,3707.52,Yes
457,23,11,147.32,352,8,3535.68,No
458,20,6,442.35,27,6,10616.4,No
459,56,23,295.34,432,8,9450.88,No
460,34,15,191.93,365,9,18233.35,No
461,84,22,385.43,397,2,20042.36,Yes
462,27,1,288.79,452,9,288.79,No
463,63,18,120.13,311,5,10090.92,No
464,44,23,238.71,524,7,8354.85,No
465,59,20,98.43,4,5,8957.13,No
466,71,7,168.32,457,3,2356.48,Yes
467,68,10,453.26,587,5,31728.2,Yes
468,85,7,242.61,203,7,5580.03,No
469,83,10,473.03,229,2,1892.12,Yes
470,37,12,198.07,55,4,12874.55,No
471,39,6,341.65,148,5,6833.0,No
472,51,8,119.9,192,10,3357.2,No
473,28,13,403.63,351,7,13319.79,No
474,36,20,128.46,606,9,7322.22,No
475,49,12,328.1,701,3,10499.2,Yes
476,58,19,241.59,502,6,4590.21,No
477,33,20,89.71,685,8,7535.64,Yes
478,64,8,455.47,481,9,12297.69,No
479,33,6,320.55,7,10,9295.95,No
480,48,15,252.98,51,8,4300.66,No
481,41,21,457.1,467,1,29711.5,No
482,55,24,361.97,261,3,5791.52,No
483,43,20,421.07,659,7,5052.84,Yes
484,82,21,312.32,286,7,14366.72,No
485,80,24,183.84,285,1,11765.76,No
486,24,15,179.57,124,3,7003.23,No
487,29,5,381.4,310,3,16018.8,Yes
488,23,15,295.68,294,3,23654.4,Yes
489,57,5,277.9,217,3,14450.8,Yes
490,18,7,249.07,2,5,16936.76,No
491,34,11,274.3,70,7,1645.8,No
492,80,7,427.24,592,4,427.24,Yes
493,24,17,160.17,208,5,15376.32,No
494,85,6,411.97,271,7,34605.48,No
495,80,2,325.08,531,1,24055.92,Yes
496,73,7,352.42,260,10,5991.14,No
497,48,22,366.71,280,5,8434.33,Yes
498,29,11,316.57,494,8,949.71,Yes
499,54,8,181.69,219,5,5450.7,Yes
500,39,21,189.87,471,6,9303.63,No
501,79,20,177.2,193,5,10809.2,No
502,78,17,448.21,66,9,19721.24,No
503,48,13,482.65,653,9,22201.9,Yes
504,70,13,114.1,272,1,4792.2,No
505,49,9,495.75,309,4,47592.0,Yes
506,21,6,213.88,130,10,20104.72,No
507,81,20,54.52,383,3,1253.96,Yes
508,45,11,366.46,561,9,9894.42,No
509,64,2,81.07,129,5,4620.99,No
510,56,22,224.47,609,6,9203.27,Yes
511,73,19,213.64,702,4,14313.88,Yes
512,18,5,308.23,114,6,9863.36,Yes
513,25,14,296.6,304,10,4152.4,No
514,25,8,396.99,333,10,10718.73,No
515,66,1,262.59,3,5,12866.91,No
516,24,11,256.58,96,4,25401.42,No
517,84,23,304.93,164,5,609.86,No
518,73,14,130.3,490,9,9381.6,No
519,22,1,363.92,336,3,32752.8,Yes
520,36,6,110.0,14,8,3080.0,No
521,51,23,380.23,566,9,21673.11,No
522,26,2,402.5,299,1,28577.5,Yes
523,34,6,494.96,121,9,22273.2,No
524,24,3,19.15,596,4,1627.75,Yes
525,71,4,399.46,230,3,25165.98,Yes
526,61,10,436.23,355,10,41878.08,Yes
527,80,3,401.19,65,2,16448.79,No
528,39,19,417.48,609,9,23378.88,Yes
529,79,2,195.53,172,5,5670.37,Yes
530,83,8,156.87,385,7,10510.29,Yes
531,70,10,283.71,98,1,22696.8,No
532,77,15,227.8,171,6,22324.4,No
533,63,1,225.52,258,3,16914.0,Yes
534,63,17,350.52,616,4,25587.96,Yes
535,67,20,412.81,625,8,28071.08,No
536,71,9,495.11,264,7,23270.17,No
537,81,22,465.77,550,1,34932.75,Yes
538,68,3,389.73,479,5,34296.24,Yes
539,80,21,452.42,595,2,15382.28,Yes
540,23,21,357.95,256,1,18613.4,No
541,74,21,154.6,221,10,9894.4,No
542,40,21,225.24,241,2,225.24,No
543,40,12,188.55,682,6,13952.7,Yes
544,20,15,57.19,441,4,2916.69,Yes
545,31,19,495.55,75,1,16353.15,No
546,44,5,262.12,102,10,21231.72,No
547,52,15,269.59,635,4,14018.68,Yes
548,57,8,153.65,687,2,6760.6,Yes
549,31,19,478.15,315,5,42555.35,Yes
550,35,14,438.14,329,5,32860.5,No
551,84,24,449.38,393,4,42691.1,No
552,30,19,407.56,71,7,40348.44,No
553,33,22,137.92,659,8,11585.28,Yes
554,36,5,243.98,210,3,12686.96,No
555,73,16,118.91,399,6,2972.75,No
556,54,6,391.2,625,6,4694.4,Yes
557,19,13,14.13,77,1,791.28,Yes
558,74,9,30.65,634,9,306.5,No
559,79,22,354.26,370,4,19130.04,No
560,74,11,192.99,275,5,6947.64,No
561,46,23,38.48,487,6,2578.16,No
562,18,9,458.42,405,5,43549.9,No
563,34,18,352.83,654,8,32107.53,No
564,52,21,63.24,406,4,4806.24,Yes
565,54,2,115.18,568,4,1497.34,Yes
566,23,22,241.12,684,4,7474.72,Yes
567,83,5,126.57,47,9,3797.1,No
568,49,10,417.08,661,1,4587.88,Yes
569,50,1,349.9,440,4,15045.7,Yes
570,24,14,304.56,646,2,30456.0,Yes
571,58,2,386.84,260,7,13539.4,Yes
572,57,9,153.81,366,8,922.86,No
573,34,13,283.52,43,1,7938.56,No
574,34,12,275.35,159,3,7434.45,Yes
575,47,8,269.54,206,8,1347.7,No
576,40,11,271.8,195,5,23918.4,No
577,23,16,93.05,672,9,2605.4,Yes
578,20,12,406.19,645,7,18278.55,Yes
579,39,19,444.85,671,7,40926.2,Yes
580,55,7,391.98,337,9,36454.14,No
581,72,21,148.54,582,1,7575.54,Yes
582,37,18,287.81,135,3,4892.77,No
583,19,5,202.78,190,8,14802.94,Yes
584,23,12,276.42,595,3,23219.28,Yes
585,18,2,41.29,76,5,2188.37,No
586,45,3,386.47,249,9,15458.8,No
587,22,19,195.6,121,4,5085.6,No
588,64,12,40.66,32,6,2642.9,No
589,70,24,125.6,721,10,11680.8,No
590,64,23,140.85,196,6,8169.3,No
591,22,4,318.03,507,3,26078.46,Yes
592,24,7,245.73,526,9,9337.74,Yes
593,19,17,343.42,119,8,32281.48,No
594,79,16,115.82,654,6,1621.48,Yes
595,53,7,200.36,165,5,7212.96,No
596,70,6,359.05,377,7,718.1,Yes
597,46,1,303.69,700,1,3340.59,Yes
598,46,3,112.5,158,8,1350.0,Yes
599,42,6,50.16,532,6,2357.52,Yes
600,35,22,401.22,38,3,2006.1,No
601,77,15,477.47,236,3,30558.08,Yes
602,20,7,198.01,335,9,14256.72,No
603,75,8,372.91,53,5,4847.83,No
604,73,12,488.95,258,7,7823.2,No
605,42,21,337.69,268,7,5740.73,No
606,33,20,390.28,652,6,35125.2,Yes
607,21,15,259.32,27,3,4408.44,No
608,60,12,348.94,596,9,16749.12,Yes
609,66,16,357.76,302,2,19676.8,Yes
610,36,4,272.39,152,10,8171.7,No
611,73,6,150.95,236,3,3773.75,No
612,81,10,485.24,302,1,37363.48,Yes
613,70,13,426.82,352,5,7255.94,Yes
614,55,15,325.3,698,10,650.6,Yes
615,37,23,187.61,5,7,4315.03,No
616,54,9,116.11,404,3,8011.59,Yes
617,55,16,374.51,263,5,24343.15,No
618,72,16,76.18,722,9,1447.42,Yes
619,80,5,326.53,89,7,32326.47,No
620,81,4,411.33,535,7,3290.64,Yes
621,81,22,372.09,329,7,1116.27,No
622,19,12,117.29,676,4,7389.27,Yes
623,61,5,304.04,380,8,7601.0,Yes
624,72,24,20.8,627,9,62.4,No
625,24,1,400.6,565,7,28442.6,Yes
626,73,11,146.21,334,2,12866.48,Yes
627,55,7,233.84,580,9,22682.48,Yes
628,84,15,160.34,340,6,13147.88,No
629,60,17,79.66,489,7,3584.7,No
630,54,4,52.34,415,3,4658.26,Yes
631,46,19,371.74,257,1,10780.46,Yes
632,25,9,469.58,410,10,37096.82,Yes
633,33,16,390.83,712,3,23058.97,Yes
634,64,23,459.91,375,4,8278.38,No
635,25,24,143.18,432,6,10165.78,No
636,19,5,134.12,107,7,10461.36,Yes
637,54,21,178.99,8,9,9307.48,No
638,53,16,146.99,579,3,9260.37,Yes
639,43,8,210.16,577,5,16602.64,Yes
640,58,3,164.36,335,6,4273.36,Yes
641,48,7,481.48,105,2,4333.32,No
642,63,10,42.74,313,5,1111.24,Yes
643,55,13,336.78,300,4,23237.82,No
644,36,17,215.95,563,8,17276.0,Yes
645,85,1,493.11,271,4,47831.67,Yes
646,65,8,220.34,237,7,10135.64,No
647,59,21,312.66,514,1,21886.2,Yes
648,19,22,186.06,217,2,13768.44,No
649,80,1,480.49,157,7,41802.63,Yes
650,77,10,255.07,646,9,4336.19,Yes
651,34,17,398.45,559,10,16734.9,Yes
652,75,7,178.4,468,5,14272.0,Yes
653,76,22,243.98,499,9,14882.78,No
654,45,11,224.34,321,9,10319.64,No
655,49,4,176.87,668,7,5659.84,Yes
656,50,21,284.38,61,1,8815.78,No
657,47,1,361.66,459,5,7594.86,Yes
658,36,16,95.63,245,10,4781.5,No
659,43,10,443.05,140,5,23038.6,No
660,71,12,301.54,69,7,26535.52,No
661,21,11,11.72,488,9,996.2,Yes
662,36,24,317.84,250,1,27334.24,No
663,75,13,196.12,695,10,15101.24,No
664,30,20,159.29,595,7,10035.27,No
665,19,17,116.86,698,10,4090.1,No
666,44,12,127.1,697,5,12328.7,Yes
667,60,16,312.71,27,5,26267.64,No
668,30,14,20.99,483,10,1889.1,No
669,84,20,326.49,267,2,25139.73,No
670,44,24,415.21,569,8,15362.77,Yes
671,23,7,109.25,511,3,1311.0,Yes
672,41,1,368.74,473,6,35399.04,Yes
673,69,10,73.45,491,7,6904.3,Yes
674,51,22,78.11,157,9,1796.53,No
675,54,10,154.57,647,3,7419.36,Yes
676,36,9,224.33,631,2,5383.92,Yes
677,72,11,276.91,370,10,15783.87,No
678,41,9,380.85,239,4,380.85,Yes
679,51,11,266.63,489,1,8798.79,Yes
680,47,5,394.7,88,3,7499.3,Yes
681,22,3,115.85,392,9,7877.8,No
682,36,24,438.09,48,2,10514.16,No
683,74,11,173.91,247,8,4695.57,No
684,82,10,68.08,71,3,2042.4,Yes
685,19,12,143.52,536,7,12199.2,No
686,54,8,110.54,698,6,4753.22,Yes
687,35,11,77.24,59,6,772.4,No
688,70,22,176.38,8,6,5820.54,No
689,32,5,30.79,639,6,1046.86,Yes
690,68,20,202.45,616,2,9110.25,Yes
691,44,21,390.54,108,1,781.08,Yes
692,67,22,53.57,530,1,2785.64,Yes
693,83,24,221.71,38,1,20397.32,No
694,21,10,219.67,653,10,9665.48,Yes
695,59,6,24.42,365,8,879.12,No
696,73,13,187.0,58,4,6919.0,No
697,79,13,491.52,211,3,21626.88,Yes
698,63,4,245.02,236,2,22051.8,Yes
699,18,8,272.62,347,6,12267.9,Yes
700,58,7,347.62,67,1,32328.66,No
701,71,10,328.24,242,7,19366.16,No
702,41,1,473.28,502,9,11358.72,Yes
703,76,11,61.83,527,7,1731.24,Yes
704,63,20,43.07,418,10,732.19,No
705,58,23,322.95,330,8,17116.35,No
706,22,16,385.18,553,10,28503.32,No
707,44,13,358.88,183,3,2153.28,Yes
708,25,9,435.13,23,4,42207.61,Yes
709,84,17,384.46,263,9,37292.62,No
710,60,3,392.92,696,1,30254.84,Yes
711,49,13,307.79,168,6,5540.22,No
712,71,6,416.36,321,3,12074.44,Yes
713,61,17,360.29,639,9,18014.5,Yes
714,59,11,132.23,438,10,12826.31,No
715,60,10,309.15,299,6,4018.95,No
716,42,19,256.53,508,6,15135.27,Yes
717,31,21,257.27,671,5,1543.62,Yes
718,44,12,301.6,95,4,24731.2,No
719,45,16,272.76,314,6,11455.92,No
720,82,21,366.05,465,9,20498.8,No
721,45,17,316.62,681,10,10765.08,Yes
722,71,3,147.82,441,6,6651.9,Yes
723,33,24,48.95,570,9,3964.95,No
724,57,7,87.07,337,6,8097.51,Yes
725,83,19,244.84,596,10,14200.72,Yes
726,52,12,486.23,617,10,16531.82,Yes
727,42,13,491.63,190,6,2458.15,No
728,21,15,224.04,35,4,4032.72,No
729,70,24,415.89,649,10,5406.57,No
730,27,19,325.97,382,10,19558.2,No
731,57,20,115.36,655,4,2422.56,Yes
732,66,6,55.85,567,2,223.4,Yes
733,85,15,499.82,322,4,7497.3,No
734,67,5,148.06,223,1,14657.94,Yes
735,51,3,391.6,545,4,4699.2,Yes
736,39,4,196.62,591,2,15532.98,Yes
737,36,6,262.46,287,5,13647.92,Yes
738,72,18,499.67,126,9,43970.96,No
739,21,24,447.3,254,4,30416.4,No
740,69,22,292.26,74,3,4383.9,No
741,26,6,188.43,629,3,2826.45,Yes
742,20,9,25.3,143,4,1366.2,No
743,23,22,414.66,270,10,18245.04,No
744,42,23,245.57,675,2,16698.76,Yes
745,49,4,137.93,418,1,10206.82,Yes
746,46,15,71.07,113,10,5756.67,No
747,61,6,451.08,278,4,12179.16,Yes
748,55,24,168.27,167,9,13798.14,No
749,72,9,70.35,535,4,5205.9,Yes
750,71,1,461.08,697,3,7377.28,Yes
751,55,15,346.21,4,3,5885.57,No
752,84,22,270.06,291,4,540.12,No
753,40,13,318.4,675,10,14964.8,Yes
754,73,22,144.99,130,3,5799.6,No
755,21,2,325.47,500,8,4556.58,Yes
756,51,5,234.02,124,10,16381.4,No
757,76,15,244.91,480,4,17633.52,Yes
758,42,21,367.21,353,7,16157.24,No
759,31,6,336.2,184,6,25887.4,Yes
760,45,11,210.87,639,10,17291.34,No
761,22,2,315.05,31,9,28039.45,No
762,68,9,355.38,153,6,13149.06,No
763,66,14,492.59,717,6,43840.51,Yes
764,52,20,269.06,443,7,19372.32,No
765,83,13,25.49,130,2,1427.44,No
766,73,9,390.16,100,3,32383.28,Yes
767,85,8,440.26,659,5,23774.04,Yes
768,47,23,451.92,86,9,23951.76,No
769,38,7,361.86,559,1,4342.32,Yes
770,81,11,358.99,1,6,18308.49,No
771,65,2,398.16,262,6,35436.24,Yes
772,69,18,134.48,494,2,4572.32,Yes
773,42,14,137.54,94,6,13341.38,No
774,43,16,49.42,324,6,3706.5,No
775,33,1,184.5,563,4,14760.0,Yes
776,34,24,15.69,4,4,1333.65,No
777,73,8,130.18,320,2,10804.94,Yes
778,34,8,169.28,613,6,2369.92,Yes
779,26,22,295.97,218,6,15982.38,No
780,69,15,15.91,436,7,700.04,Yes
781,74,5,450.4,383,2,39184.8,Yes
782,18,11,221.55,6,5,14179.2,No
783,67,20,11.54,47,2,161.56,No
784,30,7,362.85,253,3,30479.4,No
785,22,4,201.85,179,1,11707.3,Yes
786,26,14,74.75,629,5,2915.25,Yes
787,27,1,494.88,620,3,31672.32,Yes
788,27,22,34.8,181,1,1426.8,No
789,63,8,80.5,669,1,2093.0,Yes
790,19,18,133.23,352,3,6128.58,No
791,76,14,456.52,502,7,10043.44,Yes
792,45,13,115.92,719,5,3129.84,Yes
793,57,5,220.58,43,7,19631.62,No
794,64,4,43.35,645,3,3728.1,Yes
795,30,19,54.68,591,10,2077.84,Yes
796,74,18,324.21,108,2,5187.36,No
797,30,8,209.76,102,5,6083.04,No
798,76,9,85.06,471,3,1105.78,Yes
799,56,2,374.0,271,8,26928.0,No
800,26,9,119.1,106,3,952.8,No
801,41,15,412.29,75,3,33395.49,No
802,60,2,182.94,330,1,17013.42,Yes
803,53,2,161.24,615,5,13060.44,Yes
804,18,23,14.99,68,3,1184.21,No
805,65,4,442.67,612,1,4426.7,Yes
806,42,10,260.74,104,8,521.48,No
807,62,2,469.45,636,4,469.45,Yes
808,61,5,295.75,97,7,23660.0,No
809,34,17,225.91,723,3,5421.84,Yes
810,47,4,379.31,705,2,29206.87,Yes
811,35,17,281.38,111,9,27856.62,No
812,64,5,492.09,229,1,24604.5,Yes
813,71,8,457.61,217,10,43930.56,No
814,49,12,434.61,414,5,37811.07,Yes
815,26,3,235.62,69,5,11545.38,No
816,40,3,469.76,707,1,30534.4,Yes
817,64,16,314.33,660,2,25146.4,Yes
818,38,3,357.21,60,2,20003.76,No
819,38,11,478.6,676,3,8614.8,Yes
820,37,9,499.44,651,9,32963.04,Yes
821,43,20,491.26,18,1,15720.32,No
822,26,9,281.41,28,9,12663.45,No
823,78,22,298.92,76,1,1494.6,No
824,52,23,17.5,727,4,1592.5,Yes
825,24,5,169.52,131,3,3220.88,Yes
826,40,13,146.5,675,8,5567.0,Yes
827,29,11,388.35,392,6,35728.2,Yes
828,31,12,88.58,600,8,7263.56,Yes
829,39,6,166.13,539,3,9303.28,Yes
830,40,21,342.76,327,7,20908.36,No
831,27,5,247.43,699,8,21526.41,Yes
832,53,2,327.9,578,4,10820.7,Yes
833,71,24,351.71,247,1,26378.25,No
834,21,21,21.87,436,8,1377.81,No
835,25,2,199.79,296,8,19979.0,No
836,20,23,422.08,284,5,40941.76,No
837,60,21,180.57,564,5,2166.84,No
838,65,7,393.73,147,3,13386.82,No
839,79,9,14.14,668,4,749.42,Yes
840,71,15,413.8,724,2,28966.0,Yes
841,53,7,231.99,670,3,11367.51,Yes
842,19,2,301.33,38,2,26517.04,Yes
843,38,10,223.0,49,6,4683.0,No
844,26,13,274.02,141,5,14797.08,No
845,19,21,188.58,492,5,17349.36,No
846,22,20,47.94,404,5,1486.14,Yes
847,84,2,229.13,419,9,14664.32,Yes
848,71,7,425.7,603,10,8088.3,Yes
849,20,7,400.72,138,1,36064.8,Yes
850,47,15,201.09,475,4,14880.66,Yes
851,63,17,211.02,2,6,10128.96,No
852,30,3,285.53,47,9,16275.21,No
853,53,7,137.86,471,8,2481.48,No
854,22,2,99.51,472,2,1990.2,Yes
855,68,16,362.85,601,5,35196.45,Yes
856,55,24,131.05,374,6,7994.05,No
857,63,20,221.78,474,7,6653.4,No
858,69,12,493.88,200,7,12347.0,No
859,72,15,138.92,183,7,2083.8,No
860,54,2,426.0,349,8,16188.0,No
861,74,21,392.53,620,6,17271.32,Yes
862,63,17,322.07,680,3,13849.01,Yes
863,77,24,306.28,156,1,16539.12,No
864,73,1,214.18,520,9,1713.44,Yes
865,26,18,213.69,608,4,4273.8,Yes
866,57,20,317.28,713,7,14912.16,Yes
867,37,4,75.65,489,9,7111.1,Yes
868,47,20,309.15,337,9,11129.4,No
869,53,8,168.8,338,3,14685.6,Yes
870,27,8,370.09,727,2,15913.87,Yes
871,51,19,47.22,204,7,2927.64,No
872,67,9,434.67,449,6,14344.11,No
873,30,9,73.85,16,3,2215.5,No
874,81,3,481.3,58,5,21177.2,No
875,83,19,61.81,287,9,1545.25,No
876,84,17,35.56,85,3,1884.68,No
877,27,24,414.58,274,9,7462.44,No
878,75,24,110.89,359,7,9314.76,No
879,44,11,167.81,221,2,2684.96,No
880,83,2,380.12,349,9,7982.52,Yes
881,23,15,435.39,406,4,42232.83,Yes
882,55,1,441.45,29,3,24721.2,No
883,85,6,181.33,220,9,2357.29,Yes
884,74,10,187.3,720,8,4682.5,Yes
885,67,13,43.33,133,8,3986.36,No
886,54,19,108.03,214,5,1404.39,No
887,49,1,349.08,69,7,30020.88,No
888,67,23,273.36,611,4,17221.68,Yes
889,42,2,401.17,688,6,802.34,Yes
890,60,12,485.92,196,8,43732.8,No
891,67,4,426.28,666,1,39217.76,Yes
892,72,12,207.48,1,5,1037.4,No
893,60,12,150.88,495,8,4979.04,Yes
894,46,21,481.2,48,9,21172.8,No
895,77,19,43.18,295,7,86.36,No
896,66,9,58.74,20,10,5639.04,No
897,63,21,42.52,650,2,1658.28,Yes
898,81,12,160.88,721,8,965.28,Yes
899,22,7,299.37,118,3,22752.12,Yes
900,51,20,106.47,281,8,3726.45,No
901,49,8,128.02,192,5,4352.68,Yes
902,48,20,164.05,156,1,13124.0,Yes
903,72,9,463.51,413,6,24566.03,Yes
904,52,12,419.11,328,2,38977.23,Yes
905,83,18,16.26,644,6,390.24,Yes
906,23,19,439.01,400,7,30730.7,No
907,43,8,53.53,553,3,4924.76,Yes
908,24,9,338.07,239,5,11832.45,No
909,44,17,206.89,526,4,5172.25,Yes
910,23,20,46.76,564,3,374.08,Yes
911,73,15,283.0,359,2,6792.0,Yes
912,84,23,265.69,193,10,6110.87,No
913,31,24,207.18,684,2,6008.22,Yes
914,63,13,472.85,370,1,44920.75,Yes
915,34,19,65.85,577,3,1382.85,Yes
916,81,19,361.52,194,4,23137.28,No
917,50,23,344.03,637,10,22017.92,No
918,38,19,120.63,88,1,7358.43,No
919,54,11,424.25,479,5,19091.25,Yes
920,24,6,172.46,75,7,4828.88,No
921,69,22,337.8,675,3,11485.2,Yes
922,69,19,222.7,205,1,7126.4,Yes
923,46,23,85.27,473,1,6565.79,Yes
924,38,21,231.01,115,9,11550.5,No
925,33,3,230.49,2,3,17056.26,No
926,19,1,348.5,104,3,27880.0,Yes
927,80,4,358.37,548,6,27594.49,Yes
928,50,20,236.68,390,6,9940.56,No
929,39,18,81.07,48,7,4783.13,No
930,56,11,472.52,235,9,6615.28,No
931,54,7,187.15,106,6,10854.7,No
932,20,24,449.66,29,5,1798.64,No
933,60,8,14.68,57,1,1438.64,Yes
934,58,2,318.93,283,6,5740.74,Yes
935,56,19,204.0,665,8,9792.0,Yes
936,49,5,296.67,409,3,3263.37,Yes
937,84,12,129.83,678,2,12723.34,Yes
938,44,14,388.98,382,9,21782.88,No
939,33,17,454.23,185,5,39972.24,No
940,78,23,363.37,180,6,30159.71,No
941,69,16,377.14,200,2,15085.6,No
942,53,2,357.2,469,5,2500.4,Yes
943,38,24,324.25,242,2,17833.75,No
944,83,18,120.11,377,4,6005.5,No
945,47,13,335.28,236,4,23469.6,No
946,59,20,198.78,157,7,16498.74,No
947,54,24,226.48,5,4,16080.08,No
948,46,1,26.84,321,7,644.16,Yes
949,61,19,282.66,568,1,1695.96,Yes
950,47,19,127.9,274,8,3325.4,No
951,75,13,218.7,405,8,20120.4,No
952,22,3,165.15,422,6,14863.5,Yes
953,36,18,200.72,423,7,6222.32,No
954,51,11,124.83,616,7,9112.59,Yes
955,57,4,184.44,127,8,2582.16,No
956,38,17,131.04,406,5,1048.32,Yes
957,53,22,10.95,294,5,65.7,No
958,82,3,428.33,142,2,17561.53,Yes
959,54,11,42.12,267,6,716.04,Yes
960,45,12,419.18,174,5,17605.56,No
961,48,1,251.56,555,8,15848.28,Yes
962,31,9,272.44,97,6,4359.04,No
963,70,19,358.03,522,9,10740.9,Yes
964,59,1,384.57,463,5,12690.81,Yes
965,45,16,264.27,155,10,7399.56,No
966,56,8,243.59,331,3,2923.08,Yes
967,62,16,281.41,111,9,6472.43,No
968,75,19,279.5,673,5,14254.5,Yes
969,67,23,281.55,284,10,4223.25,No
970,57,2,329.73,727,10,5935.14,Yes
971,79,23,292.03,631,5,11097.14,Yes
972,64,18,60.41,118,5,3987.06,No
973,29,1,69.93,438,3,3216.78,Yes
974,70,2,324.03,678,5,31430.91,Yes
975,75,22,267.87,136,8,20893.86,No
976,32,22,98.67,146,2,5032.17,No
977,50,9,172.83,577,5,9159.99,Yes
978,79,22,346.45,24,2,11779.3,No
979,53,1,275.98,682,10,1655.88,Yes
980,44,11,396.03,690,10,7128.54,No
981,85,1,405.04,273,1,5265.52,Yes
982,18,2,302.78,10,5,15139.0,No
983,58,10,125.59,138,5,11303.1,Yes
984,47,6,320.47,268,2,320.47,Yes
985,21,12,38.84,617,10,3340.24,No
986,24,10,383.54,667,3,14958.06,Yes
987,76,12,127.55,625,5,1403.05,Yes
988,59,23,494.52,503,8,6923.28,No
989,39,12,136.06,534,2,12789.64,Yes
990,56,22,271.52,548,2,271.52,Yes
991,41,23,230.86,708,8,21008.26,No
992,51,16,176.5,69,2,13061.0,No
993,40,4,66.38,635,6,3717.28,Yes
994,85,9,283.57,349,2,13327.79,Yes
995,63,9,108.17,459,10,9518.96,No
996,30,18,153.62,292,9,6759.28,No
997,60,8,302.56,596,5,7261.44,Yes
998,31,11,245.42,327,10,3435.88,No
999,63,5,164.96,568,5,11712.16,Yes
1000,45,14,100.64,256,10,5535.2,No
